team,reddit,subs
New England Patriots,r/patriots,702759
Manchester United,r/reddevils,569936
Golden State Warriors,r/warriors,516158
Los Angeles Rams,r/losangelesrams,444443
Liverpool FC,r/liverpoolfc,433928
Los Angeles Lakers,r/lakers,400444
Toronto Raptors,r/torontoraptors,380207
Boston Celtics,r/bostonceltics,338292
Chelsea FC,r/chelseafc,327853
Dallas Cowboys,r/cowboys,300082
Arsenal FC,r/gunners,300053
Green Bay Packers,r/greenbaypackers,296159
Philadelphia Eagles,r/eagles,274351
San Francisco 49ers,r/49ers,269204
Chicago Bulls,r/chicagobulls,266488
Philadelphia 76ers,r/sixers,246709
New York Yankees,r/nyyankees,236804
Pittsburgh Steelers,r/steelers,229210
Toronto Maple Leafs,r/leafs,222656
Seattle Seahawks,r/seahawks,198701
Real Madrid,r/realmadrid,196965
Minnesota Vikings,r/minnesotavikings,191935
Kansas City Chiefs,r/kansascitychiefs,186904
Dallas Mavericks,r/mavericks,186127
Houston Rockets,r/rockets,183551
Cleveland Browns,r/browns,183339
Chicago Bears,r/chibears,177145
Boston Red Sox,r/redsox,173902
Milwaukee Bucks,r/mkebucks,170743
Buffalo Bills,r/buffalobills,166769
Brooklyn Nets,r/gonets,163560
New York Knicks,r/nyknicks,154291
Cincinnati Bengals,r/bengals,153965
Phoenix Suns,r/suns,152222
Portland Trail Blazers,r/ripcity,146110
Miami Dolphins,r/miamidolphins,145311
Baltimore Ravens,r/ravens,143000
Atlanta Hawks,r/atlantahawks,142703
Los Angeles Dodgers,r/dodgers,142000
Oklahoma City Thunder,r/thunder,140103
Miami Heat,r/heat,139189
Toronto Blue Jays,r/torontobluejays,138238
Detroit Lions,r/detroitlions,137316
Tottenham Hotspur,r/coys,136924
Denver Nuggets,r/denvernuggets,136311
Atlanta Falcons,r/falcons,135036
Los Angeles Clippers,r/laclippers,133975
New York Giants,r/nygiants,132707
Barcelona,r/barca,132440
San Antonio Spurs,r/nbaspurs,132000
Minnesota Timberwolves,r/timberwolves,127595
Denver Broncos,r/denverbroncos,127582
Washington Wizards,r/washingtonwizards,123998
Sacramento Kings,r/kings,122641
Utah Jazz,r/utahjazz,121024
Detroit Pistons,r/detroitpistons,116508
Atlanta Braves,r/braves,115079
Vancouver Canucks,r/canucks,115044
Washington Commanders,r/commanders,113613
New Orleans Saints,r/saints,110000
Manchester City FC,r/mcfc,109786
Tampa Bay Buccaneers,r/buccaneers,109695
New Orleans Pelicans,r/nolapelicans,109019
Indiana Pacers,r/pacers,108505
Indiana Pacers,r/indianapacers,108000
Memphis Grizzlies,r/memphisgrizzlies,107587
Orlando Magic,r/orlandomagic,105937
Charlotte Hornets,r/charlottehornets,105743
New York Jets,r/nyjets,105729
Chicago Cubs,r/chicubs,102000
Detroit Red Wings,r/detroitredwings,101464
Carolina Panthers,r/panthers,99659
Arizona Cardinals,r/azcardinals,98298
Pittsburgh Penguins,r/penguins,96600
Los Angeles Chargers,r/chargers,95200
Chicago Blackhawks,r/hawks,94583
Oakland Athletics,r/oakland,93756
San Francisco Giants,r/sfgiants,93500
Jacksonville Jaguars,r/jaguars,90666
Indianapolis Colts,r/colts,90194
Houston Texans,r/texans,87777
Royal Challengers Bangalore,r/rcb,87659
Philadelphia Phillies,r/phillies,85320
Houston Astros,r/astros,84200
Tennessee Titans,r/tennesseetitans,84024
St. Louis Cardinals,r/cardinals,80700
Boston Bruins,r/bostonbruins,78626
Montreal Canadiens,r/habs,77770
Cleveland Cavaliers,r/clevelandcavs,76430
Paris Saint-Germain,r/psg,74607
Arsenal FC,r/arsenalfc,73332
New York Mets,r/newyorkmets,72318
Bayern Munich,r/fcbayern,72040
Baltimore Orioles,r/orioles,66561
Seattle Mariners,r/mariners,65830
Las Vegas Raiders,r/raiders,64178
Colorado Avalanche,r/coloradoavalanche,62235
Edmonton Oilers,r/edmontonoilers,61599
Philadelphia Flyers,r/flyers,58129
San Diego Padres,r/padres,56600
New York Rangers,r/rangers,56371
San Jose Sharks,r/sanjosesharks,54978
Minnesota Twins,r/minnesotatwins,54043
Juventus,r/juve,54011
Calgary Flames,r/calgaryflames,53933
Chicago White Sox,r/whitesox,53701
New York Islanders,r/newyorkislanders,53039
Michigan Wolverines,r/michiganwolverines,52239
Washington Capitals,r/caps,51934
Tampa Bay Lightning,r/tampabaylightning,51823
St. Louis Blues,r/stlouisblues,50277
Borussia Dortmund,r/borussiadortmund,49972
Minnesota Wild,r/wildhockey,49751
AC Milan,r/acmilan,49629
Carolina Hurricanes,r/canes,46811
Washington Nationals,r/nationals,46436
Georgia Bulldogs,r/georgiabulldogs,46302
Columbus Blue Jackets,r/bluejackets,45600
New Jersey Devils,r/devils,45486
Los Angeles Angels,r/angelsbaseball,44900
Milwaukee Brewers,r/brewers,44045
Winnipeg Jets,r/winnipegjets,43669
Cincinnati Reds,r/reds,43275
Cleveland Guardians,r/clevelandguardians,42642
Detroit Tigers,r/motorcitykitties,40800
Oakland Athletics,r/oaklandathletics,39564
Dallas Stars,r/dallasstars,39406
Texas Rangers,r/texasrangers,38707
Everton FC,r/everton,38461
Kansas City Royals,r/kcroyals,38000
Newcastle United FC,r/nufc,37950
Tampa Bay Rays,r/tampabayrays,37703
Chennai Super Kings,r/csk,36938
Ohio State Buckeyes,r/ohiostatefootball,36900
Vegas Golden Knights,r/goldenknights,35800
LSU Tigers,r/lsufootball,35344
Atlanta United FC,r/atlantaunited,34604
Ottawa Senators,r/ottawasenators,34551
Pittsburgh Pirates,r/buccos,34273
Florida Gators,r/floridagators,33991
Alabama Crimson Tide,r/rolltide,33407
Buffalo Sabres,r/sabres,32702
Sunrisers Hyderabad,r/sunrisershyderabad,32700
Seattle Kraken,r/seattlekraken,32564
Nashville Predators,r/predators,32526
Leeds United FC,r/leedsunited,32128
West Ham United FC,r/hammers,31333
Colorado Rockies,r/coloradorockies,31050
Tennessee Volunteers,r/ockytop,31000
Los Angeles Kings,r/losangeleskings,30360
Ajax,r/ajaxamsterdam,29907
Marseille,r/olympiquedemarseille,29758
Nebraska Cornhuskers,r/huskers,29633
Celtic,r/celticfc,28217
Texas Longhorns,r/longhornnation,26300
Arizona Diamondbacks,r/azdiamondbacks,25324
Anaheim Ducks,r/anaheimducks,25273
Inter Milan,r/fcintermilan,24699
Minnesota United FC,r/minnesotaunited,23255
Mumbai Indians,r/mumbaiindians,23112
Portland Timbers,r/timbers,22756
Dallas Cowboys,r/dallas_cowboys,22312
Seattle Sounders FC,r/soundersfc,20842
Atletico Madrid,r/atletico,20669
Aston Villa FC,r/avfc,19725
Arizona Coyotes,r/coyotes,19476
Oklahoma Sooners,r/sooners,19400
Leicester City FC,r/lcfc,19371
Miami Marlins,r/letsgofish,18844
Wisconsin Badgers,r/wisconsinbadgers,18579
Toronto FC,r/tfc,18408
Oregon Ducks,r/ducks,18038
Florida Panthers,r/floridapanthers,17912
Rangers,r/rangersfc,17811
Arkansas Razorbacks,r/razorbacks,17600
Minnesota Vikings,r/viking,17265
Boston Bruins,r/bruins,15267
Roma,r/asroma,15116
Bayern Munich,r/bayernmunich,14926
Barcelona,r/fcbarcelona,14752
Notre Dame Fighting Irish,r/notredamefootball,14336
Cleveland Cavaliers,r/cavaliers,14269
Austin FC,r/austinfc,14087
South Carolina Gamecocks,r/gamecocks,13798
Chelsea FC,r/chelsea,13578
Columbus Crew SC,r/themassive,13082
Porto,r/fcporto,12825
Vancouver Whitecaps FC,r/whitecapsfc,12637
Cleveland Guardians,r/wahoostipi,12024
Napoli,r/sscnapoli,11980
Indiana Hoosiers,r/indianahoosiers,11763
Auburn Tigers,r/wde,11763
LAFC,r/lafc,11655
Washington Huskies,r/huskies,11306
FC Cincinnati,r/fccincinnati,11123
Eintracht Frankfurt,r/eintracht,10996
Schalke 04,r/schalke04,10935
Florida State Seminoles,r/fsusports,10890
1. FC Köln,r/effzeh,10853
Philadelphia Union,r/phillyunion,10607
Miami Hurricanes,r/miamihurricanes,10586
Rajasthan Royals,r/rajasthanroyals,10570
Dallas Cowboys,r/dccmakingtheteam,10530
Wolverhampton Wanderers FC,r/wwfc,10490
Sporting Kansas City,r/sportingkc,10393
Miami Heat,r/miamiheat,10194
LA Galaxy,r/lagalaxy,9517
Collingwood FC,r/collingwoodfc,9516
FC Dallas,r/fcdallas,9315
Chicago Bears,r/chicagobears,9233
Toronto Raptors,r/raptors,9138
New York City FC,r/nycfc,9084
Carlton FC,r/carltonblues,8845
Nottingham Forest FC,r/nffc,8641
Kansas Jayhawks,r/jayhawks,8518
Orlando City SC,r/oclions,8445
Clemson Tigers,r/clemsontigers,8285
D.C. United,r/dcunited,8273
Essendon FC,r/essendonfc,8206
Chicago Fire,r/chicagofire,8100
Kentucky Wildcats,r/wildcats,8000
Arsenal FC,r/arsenalwfc,7818
VfB Stuttgart,r/vfbstuttgart,7678
North Carolina Tar Heels,r/tarheels,7305
Michigan State Spartans,r/theonlycolors,7300
Manchester United FC,r/justbaillythings,7290
Atlanta Braves,r/atlantabraves,7090
Houston Dynamo,r/dynamo,7036
Juventus,r/juventus,7033
New England Revolution,r/newenglandrevolution,6850
Nashville SC,r/nashvillesc,6752
Manchester City FC,r/manchestercity,6721
Fulham FC,r/fulhamfc,6631
Club de Foot Montreal,r/montrealimpact,6600
Penn State Nittany Lions,r/wearepennstate,6400
St Louis City SC,r/stlouiscitysc,6254
San Jose Earthquakes,r/sjearthquakes,6203
Richmond FC,r/richmondfc,5997
Boston College Eagles,r/bostoncollege,5783
West Coast Eagles,r/westcoasteagles,5600
New England Patriots,r/newenglandpatriots,5585
Charlotte FC,r/charlottefootballclub,5363
Cleveland Browns,r/clevelandbrowns,5344
New York Red Bulls,r/rbny,5200
Indiana Hoosiers,r/hoosiersbasketball,5172
Dallas Cowboys,r/dallascowboys,5088
Borussia Mönchengladbach,r/fohlenelf,4890
Utah Utes,r/utahfootball,4485
Arsenal FC,r/gooners,4441
Brentford FC,r/brentford,4372
Philadelphia Eagles,r/philadelphiaeagles,4356
Inter Miami C.F.,r/intermiami,4300
Duke Blue Devils,r/dukeblueplanet,4300
Iowa Hawkeyes,r/hawkeyes,4200
Chicago Cubs,r/chicagocubs,4191
Kolkata Knight Riders,r/kolkataknightriders,4150
Purdue Boilermakers,r/boilermakers,4131
Valencia,r/valenciacf,4072
Tottenham Hotspur FC,r/tottenhamhotspur,4027
Texas A&M Aggies,r/12thman,4000
Colorado Rapids,r/rapids,3944
Real Salt Lake,r/realsaltlake,3866
Central Florida Knights,r/ucfknights,3863
Adelaide Crows,r/adelaidefc,3841
West Virginia Mountaineers,r/mountaineers,3791
San Antonio Spurs,r/sanantoniospurs,3732
Sydney Swans,r/sydneyswans,3731
Illinois Fighting Illini,r/fightingillini,3582
St. Louis Rams,r/stlouisrams,3570
Ohio State Buckeyes,r/ohiostatebasketball,3536
Winnipeg Blue Bombers,r/winnipegbluebombers,3531
Toronto Maple Leafs,r/torontomapleleafs,3450
Boston Celtics,r/celtics,3440
Boise State Broncos,r/bsufootball,3428
Washington Capitals,r/washingtoncapitals,3426
Dallas Mavericks,r/dallasmavericks,3421
UCLA Bruins,r/uclabruins,3381
Detroit Tigers,r/detroittigers,3340
New York Rangers,r/newyorkrangers,3269
Minnesota Golden Gophers,r/gophersports,3134
Geelong Cats,r/geelongcats,3134
Cincinnati Bearcats,r/gobearcats,3100
Iowa State Cyclones,r/cyclonenation,3098
Louisville Cardinals,r/allhail,3000
Chelsea FC,r/chelsealadiesfc,2977
Brisbane Lions,r/brisbanelions,2923
St. Louis Blues,r/stlouisbluesnsfw,2875
New York Giants,r/newyorkgiants,2792
AFC Bournemouth,r/afcbournemouth,2649
Pittsburgh Panthers,r/pittsburghpanthers,2612
Syracuse Orange,r/cuse,2500
Pittsburgh Penguins,r/pittsburghpenguins,2433
Western Bulldogs,r/westernbulldogs,2425
Vegas Golden Knights,r/vegasgoldenknights,2366
New Orleans Saints,r/neworleanssaints,2358
New York Knicks,r/newyorkknicks,2328
Sevilla,r/sevillafc,2292
Rutgers Scarlet Knights,r/scarletknights,2252
RB Leipzig,r/rbleipzig,2244
Seattle Kraken,r/seattlenhl,2242
Kansas City Royals,r/kansascityroyals,2223
Lazio,r/lazio,2189
Colorado Buffaloes,r/gobuffs,2174
Atlanta Falcons,r/atlantafalcons,2174
Melbourne FC,r/melbournefc,2029
Miami Marlins,r/miamimarlins,1996
Virginia Tech Hokies,r/hokies,1946
Bayer 04 Leverkusen,r/bayer04,1944
Toronto Argonauts,r/argonauts,1938
Fiorentina,r/fiorentina,1913
Washington State Cougars,r/wsucougars,1887
Sacramento Kings,r/sacramentokings,1884
UCLA Bruins,r/uclafootball,1871
Chicago Blackhawks,r/chicagoblackhawks,1868
North Carolina State Wolfpack,r/ncsu_wolfpack,1853
Saskatchewan Roughriders,r/riderville,1852
North Melbourne FC,r/northmelbournefc,1838
Buffalo Sabres,r/buffalosabres,1809
Maryland Terrapins,r/terps,1800
Gujarat Titans,r/gujarat_titans,1779
Georgia Tech Yellow Jackets,r/ramblinwreck,1746
St Kilda FC,r/stkilda,1742
Sport-Club Freiburg,r/scfreiburg,1650
Arizona Wildcats,r/arizonawildcats,1650
Port Adelaide FC,r/weareportadelaide,1629
Philadelphia Flyers,r/philadelphiaflyers,1603
Colorado State Rams,r/csurams,1568
Milwaukee Bucks,r/milwaukeebucks,1555
Stanford Cardinal,r/stanfordcardinal,1554
North Queensland Cowboys,r/nrlcowboys,1553
Munster Rugby,r/munsterrugby,1545
Houston Rockets,r/houstonrockets,1524
Oregon Ducks,r/oregonducks,1520
Real Betis,r/realbetis,1517
Denver Broncos,r/broncos,1506
Aberdeen,r/aberdeenfc,1454
UConn Huskies,r/uconnbasketball,1449
Saracens,r/leicester_tigers,1407
Duke Blue Devils,r/cameroncrazies,1407
Union Berlin,r/fcunion,1366
Sacramento Kings,r/kingsticketexchange,1359
Texas Longhorns,r/texaslonghorns,1347
Southern Illinois Salukis,r/salukis,1345
Brisbane Broncos,r/brisbanebroncos,1324
Memphis Tigers,r/memphistigers,1307
Milwaukee Brewers,r/milwaukeebrewers,1278
Kentucky Wildcats,r/kentuckywildcats,1142
Columbus Blue Jackets,r/columbusbluejackets,1127
Louisiana Ragin Cajuns,r/ragincajuns,1117
San Diego State Aztecs,r/sdsuaztecs,1111
Edmonton Oilers,r/oilers,1047
LAFC,r/lafctix,1033
Arizona State Sun Devils,r/thesundevils,970
South Florida Bulls,r/gobulls,967
Indianapolis Colts,r/indianapoliscolts,963
Portland Sea Dogs,r/seadogs,956
Portland Trail Blazers,r/portlandtrailblazers,954
New Zealand Warriors,r/nrlwarriors,954
Notre Dame Fighting Irish,r/notredamesports,953
Hibernian,r/hibsfc,947
Utah Utes,r/utahutes,940
Hamilton Tiger-Cats,r/ticats,925
San Francisco 49ers,r/sanfrancisco49ers,896
Boston Red Sox,r/bostonredsox,886
Wolverhampton Wanderers FC,r/wolverhamptonwanderer,848
Florida State Seminoles,r/floridastatefootball,841
Cincinnati Reds,r/cincinnatireds,839
Ottawa RedBlacks,r/redblacks,787
Parramatta Eels,r/parramattaeels,782
TCU Horned Frogs,r/tcufootball,778
Calgary Stampeders,r/stampeders,769
Leinster Rugby,r/leinsterrugby,759
Arizona State Sun Devils,r/sundevils,754
Vancouver Canucks,r/vancouvercanucks,743
Cincinnati Bengals,r/cincinnatibengals,734
Real Madrid,r/realmadridfem,733
Tottenham Hotspur FC,r/tottenhamhotspurfc,722
Seattle Mariners,r/seattlemariners,721
Udinese,r/udinese,720
Cincinnati Bearcats,r/cincybearcats,717
Virginia Cavaliers,r/wahoowa,714
GWS Giants,r/gwsgiants,700
Punjab Kings,r/kxip,694
Club Brugge,r/clubbrugge,691
Seattle Storm,r/seattlestorm,689
Saracens,r/saracens,684
UCLA Bruins,r/8clap,678
Minnesota Timberwolves,r/minnesotatimberwolves,668
Inter Milan,r/intermilan,659
Melbourne Storm,r/melbournestorm,645
Phoenix Suns,r/phoenixsuns,640
Manchester City FC,r/manchestercityfc,638
LSU Tigers,r/lsubasketball,637
Iowa Hawkeyes,r/iowa_hawkeyes,637
Wests Tigers,r/weststigers,627
Vfl Wolfsburg,r/diewolfe,612
Mainz 05,r/mainz05,610
Charlotte Knights,r/charlotteknights,599
Texas Tech Red Raiders,r/redraiders,590
Los Angeles Lakers,r/losangeleslakers,583
Baltimore Ravens,r/baltimoreravens,581
San Francisco Giants,r/sanfranciscogiants,577
South Sydney Rabbitohs,r/rabbitohs,573
Marquette Golden Eagles,r/mubb,569
Las Vegas Raiders,r/lasvegasraiders,567
Gonzaga Bulldogs,r/gonzagabasketball,555
BC Lions,r/bc_lions,554
California Golden Bears,r/calfootball,550
Nantes,r/fcnantes,546
New Orleans Pelicans,r/neworleanspelicans,543
Washington Nationals,r/washingtonnationals,534
Newcastle Knights,r/newcastleknights,503
Adelaide Crows,r/realadelaidecrows,501
Gold Coast Suns,r/gcfc,500
Canberra Raiders,r/nrlraiders,495
Southern California Trojans,r/thedarnold,488
Buffalo Bills,r/buffalobillsnsfw,482
Villarreal,r/villarreal,466
Sydney Roosters,r/sydney_roosters,446
Kansas Jayhawks,r/kansasjayhawks,442
Chicago Sky,r/chicagosky,436
Atlanta United FC,r/atlantaunitedfc,430
Sydney Roosters,r/sydneyroosters,420
Los Angeles Chargers,r/losangeleschargers,415
Los Angeles Dodgers,r/losangelesdodgers,414
Vanderbilt Commodores,r/anchordown,412
Tottenham Hotspur FC,r/spursgifs,410
Kansas State Wildcats,r/kstatewildcats,403
Kolkata Knight Riders,r/knightridersipl,399
Dayton Flyers,r/udflyers,393
Dundee United,r/dundeeunited,391
Boston College Eagles,r/bc_eagles,391
Cleveland Cavaliers,r/clevelandcavaliers,385
St Louis City SC,r/stlcitysc,384
Washington Commanders,r/washingtoncommanders,378
Oklahoma Sooners,r/oklahomasooners,376
Collingwood FC,r/collingwood,375
FC Augsburg,r/fcaugsburg,372
San Francisco Dons,r/usfdons,359
Villarreal,r/villarrealcf,358
Gwinnett Stripers,r/gwinnettstripers,358
Florida State Seminoles,r/fsufootball,358
Nottingham Forest FC,r/nottinghamforestfc,355
Ulster Rugby,r/ulsterrugby,354
Montreal Canadiens,r/montrealcanadiens,354
St. Paul Saints,r/stpaulsaints,353
Villanova Wildcats,r/villanovambb,345
Tennessee Volunteers,r/tennesseevolunteers,343
Wake Forest Demon Deacons,r/wakeforestsports,342
Texas State Bobcats,r/txstatebobcats,340
South Sydney Rabbitohs,r/southsydneyrabbitohs,336
Hanshin Tigers,r/hanshintigers,336
Houston Cougars,r/houstoncougars,332
Tottenham Hotspur FC,r/coyswallpapers,330
Iowa State Cyclones,r/iowastatecyclones,330
Cornell Big Red,r/lynahfaithful,326
Dinamo Zagreb,r/dinamo,324
Southern California Trojans,r/usctrojans,323
Canterbury-Bankstown Bulldogs,r/canterburybulldogs,321
Milwaukee Bucks,r/bucks,320
Indiana Hoosiers,r/iufootball,318
East Carolina Pirates,r/eastcarolinapirates,317
Charlotte FC,r/charlottefc,313
Nashville Sounds,r/nashvillesounds,309
Durham Bulls,r/durhambulls,308
Vanderbilt Commodores,r/vandysports,303
Manchester United FC,r/mufc,300
Exeter Chiefs,r/exeterchiefs,292
Tottenham Hotspur FC,r/thfc,290
Columbus Clippers,r/columbusclippers,289
Buffalo Bisons,r/buffalobisons,287
Penrith Panthers,r/nrlpanthers,284
UNLV Rebels,r/unlvrunninrebels,279
Leeds Rhinos,r/leedsrhinos,277
Baltimore Orioles,r/baltimoreorioles,277
Omaha Storm Chasers,r/omahastormchasers,268
Seattle Seahawks,r/seattleseahawks,266
Boise State Broncos,r/boisestatebroncos,265
Troy Trojans,r/troytrojans,264
Fulham FC,r/fulham,263
Washington Mystics,r/washingtonmystics,261
Port Adelaide FC,r/portadelaidefc,259
Bristol Bears,r/bristolbearsrugby,259
Real Sociedad,r/sociedad,258
Akron RubberDucks,r/akronrubberducks,257
Gold Coast Titans,r/goldcoasttitans,249
Aston Villa FC,r/astonvillafc,242
Kilmarnock,r/partickthistlefc,241
Torino,r/iltoro,240
Liverpool,r/liverpoolladies,240
California Golden Bears,r/goldenbears,240
Edmonton Elks,r/goelks,239
Sale Sharks,r/salesharks,233
Louisville Cardinals,r/louisvillecardinals,231
Mississippi State Bulldogs,r/msubulldogs,227
Ohio Bobcats,r/ohiobobcats,226
Bayer 04 Leverkusen,r/leverkusen,220
Michigan State Spartans,r/msu_spartans,219
Atlanta Dream,r/atlantadream,216
Edinburgh Rugby,r/edinburgh_rugby,215
Northwestern Wildcats,r/gonorthwestern,214
Georgia Tech Yellow Jackets,r/georgiatechfootball,214
Arizona Wildcats,r/arizonabasketball,214
UCLA Bruins,r/lonzoball,212
Northampton Saints,r/northamptonsaintsrfc,205
Penrith Panthers,r/penrithpanthers,201
Indianapolis Indians,r/indianapolisindians,199
Rayo Vallecano,r/rayovallecano,192
Edmonton Elks,r/edmontonelks,190
Brisbane Heat,r/brisbane_heat,188
Bath Rugby,r/bathrugby,187
North Texas Mean Green,r/meangreen,186
New York Red Bulls,r/newyorkredbulls,185
Minnesota Lynx,r/mnlynx,185
Oregon State Beavers,r/oregonstatebeavers,184
Sassuolo,r/sassuolo,182
Iowa Cubs,r/iowacubs,181
Amarillo Sod Poodles,r/amarillosodpoodles,181
Phoenix Mercury,r/phxmercury,176
Corpus Christi Hooks,r/corpuschristihooks,175
Old Dominion Monarchs,r/odubasketball,173
Bowling Green Falcons,r/bgsufb,172
Fresno State Bulldogs,r/fresnostatefootball,170
Duke Blue Devils,r/dukefootball,170
Minnesota-Duluth Bulldogs,r/umdbulldogs,169
Tokyo Yakult Swallows,r/swallows,165
Dallas Wings,r/dallaswings,165
Springfield Cardinals,r/sgfcardinals,163
Sacramento River Cats,r/rivercatsaaa,156
Tennessee Volunteers,r/bleedorange,155
Virginia Commonwealth Rams,r/vcurams,154
Tottenham Hotspur FC,r/nyspurs,154
Round Rock Express,r/roundrockexpress,153
Norfolk Tides,r/tides,153
Adelaide Strikers,r/adelaidestrikers,152
Minnesota Lynx,r/minnesotalynx,151
Kilmarnock,r/killie,151
Connecticut Sun,r/connecticutsun,151
Indiana Fever,r/indianafever,149
Vfl Bochum,r/vflbochum,143
Edmonton Elks,r/theedmontonelks,140
Auburn Tigers,r/wareagle,137
Melbourne Stars,r/melbourne_stars,134
London Irish,r/londonirish,131
Southern California Trojans,r/wearesc_ot,125
Idaho Vandals,r/idahovandals,125
Hokkaido Nippon-Ham Fighters,r/nipponhamfighters,125
Georgetown Hoyas,r/hoyasbasketball,123
Auburn Tigers,r/auburntigers,122
Oklahoma State Cowboys,r/orangepower,121
Toronto FC,r/torontofc,117
Salt Lake Bees,r/saltlakebees,117
Florida State Seminoles,r/seminoles,117
St. Johns Red Storm,r/redstorm,115
Georgia Southern Eagles,r/gsueaglesfootball,113
Wichita State Shockers,r/shockers,112
Manchester United FC,r/manutdfc,112
Clemson Tigers,r/solidorange,112
Brigham Young Cougars,r/byucougars,112
Wake Forest Demon Deacons,r/demondeacons,111
Hiroshima Toyo Carp,r/hiroshimacarp,111
Washington Huskies,r/washingtonfootball,110
Reno Aces,r/aces,109
Iowa Hawkeyes,r/iowahawkeyes,106
Glasgow Warriors,r/glasgowwarriors,106
North Carolina Tar Heels,r/ncarolinabasketballli,102
Union Berlin,r/unionberlin,100
Baylor Bears,r/baylorsports,99
ETSU Buccaneers,r/etsubucs,98
Worcester Red Sox,r/woosox,97
Texas Tech Red Raiders,r/wreckem,97
Albuquerque Isotopes,r/isotopes,97
Presbyterian Blue Hose,r/bluehose,94
Colorado Buffaloes,r/cubuffs,93
Birmingham Barons,r/birminghambarons,92
Army Black Knights,r/army_football,91
Seton Hall Pirates,r/shubb,89
Central Florida Knights,r/ucffootball,88
Western Michigan Broncos,r/wmubroncos,87
Denver Pioneers,r/dusports,87
Dayton Flyers,r/daytonflyers,86
Melbourne Renegades,r/melbournerenegades,85
Tennessee Volunteers,r/bigorange,84
Northwestern Wildcats,r/gocats,84
Liverpool FC,r/anfieldroad,84
St. Helens,r/saintsrlfc,82
Duke Blue Devils,r/dukebluedevilsmbb,82
Brisbane Broncos,r/nrlbroncos,82
AC Monza,r/acmonza,81
Oklahoma State Cowboys,r/okstatefootball,80
Wigan Warriors,r/wiganwarriors,79
Fukuoka SoftBank Hawks,r/fukuokahawks,79
Scranton/Wilkes-Barre RailRiders,r/swbrailriders,78
South Dakota State Jackrabbits,r/sdsu_jackrabbits,77
Nevada Wolf Pack,r/nevadawolfpack,77
Duke Blue Devils,r/dukefb,74
East Carolina Pirates,r/ecusports,73
Tacoma Rainiers,r/tacomarainiers,71
Richmond Flying Squirrels,r/gosquirrels,71
Temple Owls,r/templeowls,69
North Carolina Tar Heels,r/turnitblue,69
Chunichi Dragons,r/chunichidragons,67
Montgomery Biscuits,r/montgomerybiscuits,66
Florida Atlantic Owls,r/fauowls,65
Charlotte 49ers,r/charlotte49ers,65
Michigan Tech Huskies,r/mtuhuskies,64
UMBC Retrievers,r/retrievers,63
Bowie BaySox,r/baysox,63
Orix Buffaloes,r/orixbuffaloes,62
Hartford Yard Goats,r/yardgoats,61
Red Bull Salzburg,r/fcredbullsalzburg,59
Georgia State Panthers,r/gsupanthers,59
Sunrisers Hyderabad,r/sabsekiraakhyderabad,58
Fordham Rams,r/uribasketball,58
Everton FC,r/gbaminisnotreal,56
Saint Louis Billikens,r/billikensbasketball,55
Iowa State Cyclones,r/isucyclones,55
BC Lions,r/bclionscfl,53
Sydney Sixers,r/sydney_sixers,52
Nashville Predators,r/smashville,52
Surrey Cricket,r/surreycricket,51
North Carolina Tar Heels,r/tarheelsbasketball,51
Old Dominion Monarchs,r/odumonarchs,50
Boston College Eagles,r/goeagles,50
Mobile BayBears,r/baybears,49
San Diego State Aztecs,r/sdsufootball,48
Kentucky Wildcats,r/tundrasplayland,48
Duke Blue Devils,r/dukebluedevils,48
Central Florida Knights,r/gamingknights,47
Adelaide Crows,r/adelaidecrows,47
Tohoku Rakuten Golden Eagles,r/tohokugoldeneagles,46
Rochester Red Wings,r/rochesterredwings,46
Kentucky Wildcats,r/ukwildcats,46
Vfl Bochum,r/vfl_bochum,45
Chelsea FC,r/chelseafcpics,45
Chiba Lotte Marines,r/lottemarines,44
Jackson State Tigers,r/jacksonstatetigers,43
Massachusetts Minutemen,r/umassminutemen,42
Wyoming Cowboys,r/wyomingcowboys,41
UNLV Rebels,r/rebelsfootball,40
South Dakota Coyotes,r/usdcoyotes,40
Maccabi Haifa,r/maccabihaifa,40
Leeds United FC,r/leedsunitedanarchy,40
Morgan State Bears,r/wvblackbears,39
Pittsburgh Pirates,r/buccosupdate,38
Nebraska Cornhuskers,r/huskerfans,37
Orlando City SC,r/orlandocitysoccerclub,36
Leeds Rhinos,r/therhinos,36
UConn Huskies,r/uconnhuskies,35
Leeds United FC,r/leedsunitedfctmbcm,35
Trenton Thunder,r/tthunder,34
Southern California Trojans,r/fightoncfbrisk,34
Salernitana,r/salernitanafans,34
Jacksonville Jumbo Shrimp,r/jaxshrimp,34
Cornell Big Red,r/brmb,33
Syracuse Mets,r/syracusemets,32
Gloucester Rugby,r/gloucesterrugby,32
California Golden Bears,r/calbears,32
Brisbane Broncos,r/broncosbulldogsnrl,32
San Jose State Spartans,r/sanjosestspartansfoot,31
Norfolk Tides,r/norfolktides,30
Harrisburg Senators,r/harrisburgsenators,30
Binghamton Rumble Ponies,r/rumbleponies,30
Wolverhampton Wanderers FC,r/wolvesfc,29
Wisconsin-Milwaukee Panthers,r/milwaukeepanthers,29
Indiana Fever,r/lexiehull,29
Arkansas Razorbacks,r/razorback,29
Siena Saints,r/sienasaints,28
1. FC Köln,r/fckoeln,28
Crystal Palace FC,r/chelseavcrystlpalce,26
Charlotte FC,r/cltfc,26
Kent Cricket,r/kentcricket,24
Portland Pilots,r/portlandpilots,23
California Golden Bears,r/calbasketball,23
Tottenham Hotspur FC,r/thfcgifs,22
Missouri Tigers,r/tigerbros,22
Manchester United FC,r/reddevilsyouth,20
Idaho State Bengals,r/idahostateuniversity,20
Glamorgan Cricket,r/glamorgancricket,20
Fresno State Bulldogs,r/fsbulldogs,20
Arkansas Travelers,r/travs,20
Hull KR,r/hullkr,19
Worcester Red Sox,r/worcesterredsox,18
Western Bulldogs,r/aflblueteams,18
Chelsea FC,r/chelseablues,18
Manchester United FC,r/fuckglazers,16
Chennai Super Kings,r/maltichahar,16
Boise State Broncos,r/bsu_broncos,16
Creighton Bluejays,r/cubluejays,15
Chiba Lotte Marines,r/chibalottemarines,15
Maryland Terrapins,r/marylandlax,14
LIU Sharks,r/liusharks,14
Crystal Palace FC,r/crystalpalacevchlsea,14
Ottawa RedBlacks,r/bleedredblacks,13
Tennessee Volunteers,r/nextyear,12
Sydney Roosters,r/mitchaubusson,12
Maryland Terrapins,r/umterps,12
Cincinnati Bearcats,r/republicofcincinnati,12
Bradley Braves,r/bradleybraves,11
Arizona Wildcats,r/theproudtradition,11
Huddersfield Giants,r/huddersfieldgiants,10
Tulane Green Wave,r/tulanegreenwave,8
Syracuse Orange,r/syracuseorange,8
Cincinnati Bearcats,r/cincinnatibearcats,8
Bristol Bears,r/bristolbears,8
Toledo Rockets,r/toledorockets,7
Fresno Grizzlies,r/fresnogrizzlies,7
Clermont Foot,r/clermontfoot,7
Xavier Musketeers,r/xaviermusketeers,6
Warrington Wolves,r/warringtonwolves,6
Reno Aces,r/renoaces,6
Punjab Kings,r/punjabkings,6
Illinois-Chicago Flames,r/uicflames,6
Club de Foot Montreal,r/clubdefootmontreal,6
Washington Huskies,r/washingtonhuskies,5
Villanova Wildcats,r/villanovawildcats,5
Louisville Bats,r/louisvillebats,5
Hobart Hurricanes,r/hobarthurricanes,5
Akron Zips,r/akronzips,5
Toledo Mud Hens,r/toledomudhens,4
Sydney Thunder,r/sydneythunder,4
Sussex Cricket,r/sussexcricket,4
Hawthorn FC,r/hawthornfc,4
Erie SeaWolves,r/erieseawolves,4
Worcestershire Cricket,r/worcestershirecricket,3
Virginia Cavaliers,r/virginiacavaliers,3
UNF Ospreys,r/unfospreys,3
Mercer Bears,r/mercerbears,3
Creighton Bluejays,r/creightonbluejays,3
Texas-SA Roadrunners,r/utsaroadrunners,2
Richmond Spiders,r/richmondspiders,2
Missouri Tigers,r/missouritigers,2
CSU Buccaneers,r/csubuccaneers,2
Columbia Lions,r/columbialions,2
Ajaccio,r/ajaccio,2
Saint Peters Peacocks,r/saintpeterspeacocks,1
Providence Friars,r/providencefriars,1
Duquesne Dukes,r/duquesnedukes,1
Dixie State Trailblazers,r/utahtechtrailblazers,1
Baylor Bears,r/baylorbears,1